{
  "means": [
    0.3131983280181885,
    0.18393075466156006,
    0.14770475029945374,
    0.662572979927063,
    0.2091764658689499,
    0.22025489807128906,
    0.22882352769374847,
    0.15076470375061035,
    0.7102803587913513,
    0.39520859718322754,
    0.5105469822883606,
    0.7560596466064453,
    0.15307043492794037,
    0.13917602598667145,
    0.11965533345937729,
    0.8341822624206543,
    0.6731482744216919,
    0.48788565397262573,
    0.08548108488321304,
    0.19707651436328888,
    0.3642157018184662,
    0.03921568766236305
  ],
  "stds": [
    0.35532501339912415,
    0.29955318570137024,
    0.23842626810073853,
    0.298829585313797,
    0.29650795459747314,
    0.30060288310050964,
    0.30985161662101746,
    0.2473601996898651,
    0.20844511687755585,
    0.3170222342014313,
    0.24076899886131287,
    0.12816265225410461,
    0.293136864900589,
    0.23866139352321625,
    0.23799502849578857,
    0.26307934522628784,
    0.27031025290489197,
    0.3016372621059418,
    0.06845185905694962,
    0.3549859821796417,
    0.43252435326576233,
    0.19410774111747742
  ]
}